source_period,value_position,crop_year
2010-2015,1,2014-2015
2010-2015,2,2013-2014
2010-2015,3,2012-2013
2010-2015,4,2011-2012
2010-2015,5,2010-2011
2015-2020,1,2019-2020
2015-2020,2,2018-2019
2015-2020,3,2017-2018
2015-2020,4,2016-2017
2015-2020,5,2015-2016
2020-2025,1,2024-2025
2020-2025,2,2023-2024
2020-2025,3,2022-2023
2020-2025,4,2021-2022
2020-2025,5,2020-2021